userId,userName,profPicUrl,city
1,Agustina,https://randomuser.me/api/portraits/men/1.jpg,San Francisco
2,Kailey,https://randomuser.me/api/portraits/men/2.jpg,Emeryville
3,Mya,https://randomuser.me/api/portraits/women/3.jpg,San Francisco
4,Marshall,https://randomuser.me/api/portraits/women/4.jpg,San Francisco
5,Wyman,https://randomuser.me/api/portraits/men/5.jpg,San Francisco
6,Jaime,https://randomuser.me/api/portraits/men/6.jpg,Emeryville
7,Colby,https://randomuser.me/api/portraits/men/7.jpg,Emeryville
8,Jamison,https://randomuser.me/api/portraits/men/8.jpg,Emeryville
9,Alison,https://randomuser.me/api/portraits/women/9.jpg,Emeryville
10,Rozella,https://randomuser.me/api/portraits/men/10.jpg,Emeryville
11,Adolph,https://randomuser.me/api/portraits/men/11.jpg,San Francisco
12,Walter,https://randomuser.me/api/portraits/women/12.jpg,Emeryville
13,Amiya,https://randomuser.me/api/portraits/women/13.jpg,San Francisco
14,Evert,https://randomuser.me/api/portraits/men/14.jpg,San Francisco
15,Caleigh,https://randomuser.me/api/portraits/men/15.jpg,Emeryville
16,Oleta,https://randomuser.me/api/portraits/women/16.jpg,San Francisco
17,Scarlett,https://randomuser.me/api/portraits/women/17.jpg,San Francisco
18,Yoshiko,https://randomuser.me/api/portraits/women/18.jpg,Emeryville
19,River,https://randomuser.me/api/portraits/men/19.jpg,San Francisco
20,Cleveland,https://randomuser.me/api/portraits/men/20.jpg,Emeryville
21,Leanna,https://randomuser.me/api/portraits/men/21.jpg,Emeryville
22,Mckenna,https://randomuser.me/api/portraits/women/22.jpg,San Francisco
23,Angeline,https://randomuser.me/api/portraits/men/23.jpg,Emeryville
24,Maye,https://randomuser.me/api/portraits/women/24.jpg,Emeryville
25,Garth,https://randomuser.me/api/portraits/women/25.jpg,Emeryville
26,Denis,https://randomuser.me/api/portraits/women/26.jpg,San Francisco
27,Maida,https://randomuser.me/api/portraits/women/27.jpg,Emeryville
28,Sam,https://randomuser.me/api/portraits/men/28.jpg,San Francisco
29,Remington,https://randomuser.me/api/portraits/men/29.jpg,San Francisco
30,Daphney,https://randomuser.me/api/portraits/women/30.jpg,Emeryville
31,Mohamed,https://randomuser.me/api/portraits/men/31.jpg,San Francisco
32,Antonio,https://randomuser.me/api/portraits/men/32.jpg,San Francisco
33,Marie,https://randomuser.me/api/portraits/men/33.jpg,San Francisco
34,Layne,https://randomuser.me/api/portraits/men/34.jpg,Emeryville
35,Amely,https://randomuser.me/api/portraits/men/35.jpg,San Francisco
36,German,https://randomuser.me/api/portraits/men/36.jpg,San Francisco
37,Maritza,https://randomuser.me/api/portraits/women/37.jpg,San Francisco
38,Maritza,https://randomuser.me/api/portraits/men/38.jpg,San Francisco
39,Immanuel,https://randomuser.me/api/portraits/men/39.jpg,San Francisco
40,Alicia,https://randomuser.me/api/portraits/women/40.jpg,San Francisco
41,Monserrat,https://randomuser.me/api/portraits/women/41.jpg,Emeryville
42,Kelli,https://randomuser.me/api/portraits/men/42.jpg,San Francisco
43,Bret,https://randomuser.me/api/portraits/women/43.jpg,San Francisco
44,Freddy,https://randomuser.me/api/portraits/women/44.jpg,Emeryville
45,Veronica,https://randomuser.me/api/portraits/men/45.jpg,Emeryville
46,Samir,https://randomuser.me/api/portraits/men/46.jpg,Emeryville
47,Celia,https://randomuser.me/api/portraits/women/47.jpg,San Francisco
48,Kali,https://randomuser.me/api/portraits/men/48.jpg,San Francisco
49,Johnathon,https://randomuser.me/api/portraits/men/49.jpg,Emeryville
50,Jerel,https://randomuser.me/api/portraits/women/50.jpg,San Francisco
51,Devan,https://randomuser.me/api/portraits/women/51.jpg,San Francisco
52,Francesca,https://randomuser.me/api/portraits/men/52.jpg,Emeryville
53,Jayme,https://randomuser.me/api/portraits/women/53.jpg,Emeryville
54,Holden,https://randomuser.me/api/portraits/men/54.jpg,San Francisco
55,Yolanda,https://randomuser.me/api/portraits/men/55.jpg,Emeryville
56,Doris,https://randomuser.me/api/portraits/women/56.jpg,San Francisco
57,Savion,https://randomuser.me/api/portraits/women/57.jpg,San Francisco
58,Wayne,https://randomuser.me/api/portraits/men/58.jpg,Emeryville
59,Elenora,https://randomuser.me/api/portraits/men/59.jpg,Emeryville
60,Caleb,https://randomuser.me/api/portraits/women/60.jpg,Emeryville
61,Kiel,https://randomuser.me/api/portraits/men/61.jpg,Emeryville
62,Giovanna,https://randomuser.me/api/portraits/men/62.jpg,Emeryville
63,Forrest,https://randomuser.me/api/portraits/women/63.jpg,San Francisco
64,Oral,https://randomuser.me/api/portraits/women/64.jpg,San Francisco
65,Royce,https://randomuser.me/api/portraits/men/65.jpg,San Francisco
66,Marquis,https://randomuser.me/api/portraits/men/66.jpg,San Francisco
67,Myriam,https://randomuser.me/api/portraits/men/67.jpg,San Francisco
68,Anna,https://randomuser.me/api/portraits/women/68.jpg,San Francisco
69,Ewald,https://randomuser.me/api/portraits/men/69.jpg,San Francisco
70,Nikolas,https://randomuser.me/api/portraits/women/70.jpg,San Francisco
71,Donnie,https://randomuser.me/api/portraits/men/71.jpg,Emeryville
72,Elody,https://randomuser.me/api/portraits/women/72.jpg,San Francisco
73,Lucas,https://randomuser.me/api/portraits/women/73.jpg,San Francisco
74,Ransom,https://randomuser.me/api/portraits/women/74.jpg,Emeryville
75,Dock,https://randomuser.me/api/portraits/women/75.jpg,San Francisco
76,Dudley,https://randomuser.me/api/portraits/women/76.jpg,San Francisco
77,Elmo,https://randomuser.me/api/portraits/women/77.jpg,San Francisco
78,Ephraim,https://randomuser.me/api/portraits/women/78.jpg,Emeryville
79,Ciara,https://randomuser.me/api/portraits/men/79.jpg,Emeryville
80,Jamaal,https://randomuser.me/api/portraits/men/80.jpg,San Francisco
81,Gisselle,https://randomuser.me/api/portraits/women/81.jpg,Emeryville
82,Julio,https://randomuser.me/api/portraits/men/82.jpg,San Francisco
83,Samantha,https://randomuser.me/api/portraits/women/83.jpg,Emeryville
84,Muhammad,https://randomuser.me/api/portraits/women/84.jpg,San Francisco
85,Jerod,https://randomuser.me/api/portraits/men/85.jpg,Emeryville
86,Devin,https://randomuser.me/api/portraits/women/86.jpg,San Francisco
87,Fred,https://randomuser.me/api/portraits/men/87.jpg,San Francisco
88,Emmie,https://randomuser.me/api/portraits/women/88.jpg,San Francisco
89,Rhiannon,https://randomuser.me/api/portraits/women/89.jpg,San Francisco
90,Wilton,https://randomuser.me/api/portraits/men/90.jpg,San Francisco
91,Enola,https://randomuser.me/api/portraits/women/91.jpg,Emeryville
92,Jazlyn,https://randomuser.me/api/portraits/men/92.jpg,San Francisco
93,Savion,https://randomuser.me/api/portraits/women/93.jpg,Emeryville
94,Jermaine,https://randomuser.me/api/portraits/men/94.jpg,San Francisco
95,Colby,https://randomuser.me/api/portraits/women/95.jpg,San Francisco
96,Ayla,https://randomuser.me/api/portraits/men/96.jpg,San Francisco
97,Rory,https://randomuser.me/api/portraits/men/97.jpg,Emeryville
98,Brannon,https://randomuser.me/api/portraits/men/98.jpg,San Francisco
99,Adelle,https://randomuser.me/api/portraits/men/99.jpg,San Francisco
100,Pinkie,https://randomuser.me/api/portraits/women/100.jpg,Emeryville
